{
    "avg_temp_base": 28.831897735595703,
    "avg_temp_intervention": 28.825244903564453,
    "max_cooling": -1.9684162139892578,
    "avg_lst_change": -0.006653626915067434,
    "total_ozone_twin_ppb": 60148.37890625,
    "total_ozone_intervention_ppb": 59276.17578125,
    "ozone_reduction_ppb": 872.203125,
    "ozone_percentage_improvement": 1.4500858391536253,
    "total_energy_consumption_twin_MWh_year": 2089.932861328125,
    "total_energy_consumption_intervention_MWh_year": 2074.92529296875,
    "energy_savings_MWh": 15.007568359375,
    "total_population_global": 2968.056640625
}