{
    "avg_temp_base": 33.525634765625,
    "avg_temp_intervention": 33.44704055786133,
    "max_cooling": -6.834102630615234,
    "avg_lst_change": -0.07859233766794205,
    "total_ozone_twin_ppb": 1620850.25,
    "total_ozone_intervention_ppb": 1520717.125,
    "ozone_reduction_ppb": 100133.125,
    "ozone_percentage_improvement": 6.177814699414707,
    "total_energy_consumption_twin_MWh_year": 43279.31640625,
    "total_energy_consumption_intervention_MWh_year": 42935.50390625,
    "energy_savings_MWh": 343.8125,
    "total_population_global": 45054.109375
}