{
    "avg_temp_base": 28.832786560058594,
    "avg_temp_intervention": 28.82611083984375,
    "max_cooling": -2.701955795288086,
    "avg_lst_change": -0.006678773555904627,
    "total_ozone_twin_ppb": 541146.375,
    "total_ozone_intervention_ppb": 533232.125,
    "ozone_reduction_ppb": 7914.25,
    "ozone_percentage_improvement": 1.4624970923994507,
    "total_energy_consumption_twin_MWh_year": 2117.5234375,
    "total_energy_consumption_intervention_MWh_year": 2099.85498046875,
    "energy_savings_MWh": 17.66845703125,
    "total_population_global": 2968.056640625
}